link,title
https://sfbay.craigslist.org/sfc/npo/d/family-subsidy-specialist-ii/6635055802.html,Family Subsidy Specialist II
https://sfbay.craigslist.org/eby/npo/d/love-humanitarian-work-cant/6635022984.html,LOVE HUMANITARIAN WORK? CAN'T GO ABROAD? WORK HERE THIS SUMMER!
https://sfbay.craigslist.org/sby/npo/d/associate-project-manager/6635000454.html,Associate Project Manager
https://sfbay.craigslist.org/eby/npo/d/now-hiring-work-with/6634439875.html,üî•NOW HIRING! Work with environmental non-profit! Avg $14-19/hr
https://sfbay.craigslist.org/eby/npo/d/work-for-amnesty/6634395050.html,* üïØ WORK for AMNESTY INTERNATIONAL! üïØ * (Oakland)
https://sfbay.craigslist.org/sfc/npo/d/work-for-amnesty/6634394385.html,* üïØ WORK for AMNESTY INTERNATIONAL! üïØ * (Oakland)
https://sfbay.craigslist.org/sfc/npo/d/global-climate-action-summit/6634278370.html,Global Climate Action Summit Events Planning Fellow
https://sfbay.craigslist.org/nby/npo/d/executive-director/6634268157.html,Executive Director
https://sfbay.craigslist.org/eby/npo/d/hiring-immediately-for/6634101686.html,Hiring Immediately for Outreach Staff -- --  Speak for the Trees!
https://sfbay.craigslist.org/scz/npo/d/activism-is-real-job-start/6634030423.html,Activism is a REAL JOB-Start your Career today! Avg $12-17/hr
https://sfbay.craigslist.org/sby/npo/d/program-assistant-non-profit/6633989051.html,Program Assistant - Non-Profit Agency
https://sfbay.craigslist.org/sfc/npo/d/health-information-specialist/6633988426.html,Health Information Specialist - Support a Children's Non-Profit Agency
https://sfbay.craigslist.org/eby/npo/d/human-resources-benefits-and/6633987928.html,Human Resources Benefits and Compliance Specialist
https://sfbay.craigslist.org/nby/npo/d/behavioral-intervention/6633986666.html,Behavioral Intervention Specialist - Support youth in the community!
https://sfbay.craigslist.org/sfc/npo/d/transitional-age-youth-case/6633971156.html,Transitional Age Youth Case Manager!
https://sfbay.craigslist.org/nby/npo/d/family-support-counselor/6633970470.html,Family Support Counselor - Support youth in the community!
https://sfbay.craigslist.org/eby/npo/d/youth-counselor-support-youth/6633968687.html,Youth Counselor - Support youth in the community!
https://sfbay.craigslist.org/sfc/npo/d/director-of-nursing-snf/6633966858.html,DIRECTOR OF NURSING -SNF
https://sfbay.craigslist.org/eby/npo/d/classroom-counselor-academic/6633966821.html,Classroom Counselor - Academic and Mental Health Support for Youth!
https://sfbay.craigslist.org/eby/npo/d/follow-up-coordinator/6633943206.html,Follow-Up Coordinator
https://sfbay.craigslist.org/eby/npo/d/associate-divisions-director/6633941999.html,Associate Divisions Director
https://sfbay.craigslist.org/eby/npo/d/program-assistant-for-music/6633924215.html,Program Assistant for Music Center
https://sfbay.craigslist.org/sfc/npo/d/teaching-artist/6633915634.html,Teaching Artist
https://sfbay.craigslist.org/scz/npo/d/pianist-needed-for-sunday/6633913477.html,Pianist Needed for Sunday Worship
https://sfbay.craigslist.org/eby/npo/d/bilingual-program-coordinator/6633901583.html,Bilingual Program Coordinator for WRAP and LATINO Anti-Stigma programs
https://sfbay.craigslist.org/eby/npo/d/science-program-manager/6633867103.html,Science Program Manager
https://sfbay.craigslist.org/nby/npo/d/associate-director-educator/6633866283.html,Associate Director & Educator
https://sfbay.craigslist.org/eby/npo/d/centro-legal-de-la-raza-seeks/6633862855.html,Centro Legal de la Raza seeks Communications Manager
https://sfbay.craigslist.org/nby/npo/d/animal-care-technician-part/6633803944.html,Animal Care Technician - Part-time
https://sfbay.craigslist.org/scz/npo/d/adult-ourpatient-counselor/6633784298.html,Adult Ourpatient Counselor (1632)
https://sfbay.craigslist.org/eby/npo/d/environmental-campaign-field/6633720918.html,‚òÖENVIRONMENTAL CAMPAIGN FIELD POSITIONS‚òÖEarn avg of $560-760/wk
https://sfbay.craigslist.org/sby/npo/d/san-benito-county-green/6633705202.html,San Benito County Green Business  Contract Specialist
https://sfbay.craigslist.org/nby/npo/d/administrative-development/6633649696.html,Administrative/Development Assistant
https://sfbay.craigslist.org/eby/npo/d/work-for-amnesty/6633584654.html,* üïØ WORK for AMNESTY INTERNATIONAL! üïØ * (Oakland)
https://sfbay.craigslist.org/sfc/npo/d/work-for-amnesty/6633583863.html,* üïØ WORK for AMNESTY INTERNATIONAL! üïØ * (Oakland)
https://sfbay.craigslist.org/sfc/npo/d/counselor-job-coach/6633572432.html,COUNSELOR/JOB COACH- Developmentally Disabled Adults
https://sfbay.craigslist.org/nby/npo/d/marketing-associate/6633570834.html,Marketing Associate
https://sfbay.craigslist.org/eby/npo/d/deposit-raising-associate/6633566864.html,Deposit Raising Associate
https://sfbay.craigslist.org/sfc/npo/d/deposit-raising-associate/6633564881.html,Deposit Raising Associate
https://sfbay.craigslist.org/eby/npo/d/case-manager-comp-case-mgt/6633557828.html,"Case Manager, Comp Case Mgt"
https://sfbay.craigslist.org/eby/npo/d/mental-health-counselor-avalon/6633549340.html,Mental Health Counselor - Avalon
https://sfbay.craigslist.org/eby/npo/d/mental-health-counselor-new/6633548916.html,Mental Health Counselor - New Yosemite
https://sfbay.craigslist.org/eby/npo/d/housing-stability-specialist/6633496483.html,Housing Stability Specialist - Housing Solutions
https://sfbay.craigslist.org/sfc/npo/d/director-of-housing-and/6633495249.html,Director of Housing and Family Services
https://sfbay.craigslist.org/sfc/npo/d/housing-intake-specialist/6633494512.html,Housing Intake Specialist - Heading Home
https://sfbay.craigslist.org/sfc/npo/d/program-assistant-heading-home/6633494357.html,Program Assistant - Heading Home
https://sfbay.craigslist.org/sfc/npo/d/housing-stability-specialist/6633494188.html,Housing Stability Specialist - Heading Home
https://sfbay.craigslist.org/nby/npo/d/make-difference-become/6633468176.html,Make a Difference - Become a Residential Counselor
https://sfbay.craigslist.org/eby/npo/d/case-manager-youth-services/6633461449.html,Case Manager Youth Services (Night Shift 6 pm to 2 am)
https://sfbay.craigslist.org/nby/npo/d/youth-professional/6633886254.html,Youth Professional
https://sfbay.craigslist.org/nby/npo/d/diversity-and-equity/6633398063.html,Diversity and Equity Specialist North Bay Regional Center
https://sfbay.craigslist.org/nby/npo/d/diversity-and-equity/6633393277.html,Diversity and Equity Specialist North Bay Regional Center
https://sfbay.craigslist.org/sfc/npo/d/coordinated-entry-clinical/6633779842.html,COORDINATED ENTRY CLINICAL SOCIAL WORKER
https://sfbay.craigslist.org/pen/npo/d/opioid-drug-abuse-researcher/6633308869.html,Opioid Drug Abuse - Researcher & Grant Writer
https://sfbay.craigslist.org/sfc/npo/d/case-manager/6633225328.html,Case Manager
https://sfbay.craigslist.org/eby/npo/d/development-manager/6633211549.html,Development Manager
https://sfbay.craigslist.org/eby/npo/d/certification-specialist/6633100775.html,Certification Specialist
https://sfbay.craigslist.org/eby/npo/d/certification-specialist/6633100009.html,Certification Specialist
https://sfbay.craigslist.org/eby/npo/d/social-work-supervisor/6633099308.html,Social Work Supervisor
https://sfbay.craigslist.org/eby/npo/d/social-work-supervisor/6633098601.html,Social Work Supervisor
https://sfbay.craigslist.org/eby/npo/d/youth-alive-bilingual-mental/6633097778.html,Youth ALIVE! BILINGUAL MENTAL HEALTH COUNSELOR
https://sfbay.craigslist.org/eby/npo/d/social-work-coordinator/6633096337.html,Social Work Coordinator
https://sfbay.craigslist.org/eby/npo/d/social-work-coordinator/6633095317.html,Social Work Coordinator
https://sfbay.craigslist.org/eby/npo/d/social-work-coordinator/6633094544.html,Social Work Coordinator
https://sfbay.craigslist.org/eby/npo/d/social-work-coordinator/6633093568.html,Social Work Coordinator
https://sfbay.craigslist.org/nby/npo/d/direct-support-professional/6633091060.html,Direct Support Professional Working With Disabled Adults
https://sfbay.craigslist.org/sfc/npo/d/psychiatric-respite/6633090714.html,"Psychiatric Respite Residential Counselors- (Day shifts, F/T, Union)"
https://sfbay.craigslist.org/nby/npo/d/direct-support-professional/6633090344.html,Direct Support Professional Working With Disabled Adults
https://sfbay.craigslist.org/sfc/npo/d/1200-bonus-certified/6633090147.html,$1200 BONUS! Certified/Registered Drug/Alcohol Counselor (All Shifts)
https://sfbay.craigslist.org/eby/npo/d/direct-support-professional/6633089741.html,Direct Support Professional Working With Disabled Adults
https://sfbay.craigslist.org/sfc/npo/d/case-manager-mhrs-40-hours-w/6633089261.html,"Case Manager - (MHRS, 40 hours p/w or 24 hours p/w)"
https://sfbay.craigslist.org/eby/npo/d/direct-support-professional/6633089020.html,Direct Support Professional Working With Disabled Adults
https://sfbay.craigslist.org/nby/npo/d/assistant-director-short-term/6633087708.html,Assistant Director - Short-Term Mental Health for Youth
https://sfbay.craigslist.org/eby/npo/d/health-information-specialist/6633086152.html,Health Information Specialist - Support a Children's Non-Profit Agency
https://sfbay.craigslist.org/sby/npo/d/visitation-coordinator/6633081853.html,Visitation Coordinator - Provide support to youth!
https://sfbay.craigslist.org/sfc/npo/d/crisis-intervention-specialist/6633040816.html,Crisis Intervention Specialist
https://sfbay.craigslist.org/sfc/npo/d/day-shift-supervisor-quinn/6633037811.html,Day Shift Supervisor - Quinn Navigation Center
https://sfbay.craigslist.org/sfc/npo/d/case-manager-day-evening/6633034302.html,Case Manager Day & Evening Shifts
https://sfbay.craigslist.org/sfc/npo/d/residential-counselor-t-day/6633027246.html,"Residential Counselor - (F/T, Day, Swing and Overnight Shifts)"
https://sfbay.craigslist.org/sfc/npo/d/case-manager-brennan-house/6633026462.html,Case Manager Brennan House
https://sfbay.craigslist.org/eby/npo/d/clinical-case-manager-rising/6632974413.html,Clinical Case Manager - Rising Oaks
https://sfbay.craigslist.org/sfc/npo/d/hiv-risk-reduction-counselor/6632919088.html,HIV Risk Reduction Counselor
https://sfbay.craigslist.org/eby/npo/d/coordinator-membership/6632887838.html,"Coordinator, Membership Services"
https://sfbay.craigslist.org/nby/npo/d/puppy-truck-driver-guide-dogs/6632876818.html,Puppy Truck Driver - Guide Dogs for the Blind
https://sfbay.craigslist.org/sfc/npo/d/afterschool-teacher-ses/6632835025.html,AfterSchool Teacher - SES (Sanchez Elementary School)
https://sfbay.craigslist.org/nby/npo/d/fun-job-develop-disabilities/6632820047.html,Fun job w/ develop. disabilities + dog walk/weekdays no even no wknd
https://sfbay.craigslist.org/eby/npo/d/clinician-cctay-san-pablo/6632812746.html,Clinician - CCTAY San Pablo
https://sfbay.craigslist.org/eby/npo/d/tay-mental-health-clinician/6632811971.html,TAY Mental Health Clinician
https://sfbay.craigslist.org/eby/npo/d/bi-lingual-clinician-cctay/6632811280.html,Bi-Lingual Clinician CCTAY San Pablo
https://sfbay.craigslist.org/eby/npo/d/artesteem-program-manager/6632793620.html,ARTESTEEM PROGRAM MANAGER
https://sfbay.craigslist.org/eby/npo/d/housing-specialist-property/6632773042.html,Housing Specialist- Property Management
https://sfbay.craigslist.org/eby/npo/d/summer-jobs-fighting-ocean/6632751167.html,‚ñê SUMMER JOBS Fighting Ocean Pollution! $14-19/hour ‚ñê
https://sfbay.craigslist.org/pen/npo/d/shelter-staff/6632748574.html,Shelter Staff
https://sfbay.craigslist.org/pen/npo/d/part-time-social-recreation/6632747722.html,PART TIME SOCIAL RECREATION COORDINATOR
https://sfbay.craigslist.org/sfc/npo/d/work-for-amnesty/6632746438.html,* üïØ WORK for AMNESTY INTERNATIONAL! üïØ * (Oakland)
https://sfbay.craigslist.org/eby/npo/d/work-for-amnesty/6632745735.html,* üïØ WORK for AMNESTY INTERNATIONAL! üïØ * (Oakland)
https://sfbay.craigslist.org/sfc/npo/d/diversity-coordinator/6632742993.html,Diversity Coordinator
https://sfbay.craigslist.org/eby/npo/d/help-people-with-disabilities/6632738868.html,Help People with Disabilities Thrive in Employment as a Job Coach!
https://sfbay.craigslist.org/eby/npo/d/community-based-day-program/6632714008.html,Community Based Day Program Seeking Social Justice Advocates!
https://sfbay.craigslist.org/eby/npo/d/change-lives-support-people/6632706615.html,Change Lives! Support People with Disabilities in the Community!
https://sfbay.craigslist.org/eby/npo/d/human-services-position/6632703796.html,Human Services Position Supporting Adults with Disabilities!
https://sfbay.craigslist.org/sfc/npo/d/financial-learning-specialist/6632685971.html,Financial Learning Specialist
https://sfbay.craigslist.org/sfc/npo/d/institutional-giving-manager/6632679381.html,Institutional Giving Manager
https://sfbay.craigslist.org/sfc/npo/d/youth-development-specialist/6632678283.html,Youth Development Specialist
https://sfbay.craigslist.org/sfc/npo/d/employment-and-education/6632677351.html,Employment and Education Counselor / ETP Instructor
https://sfbay.craigslist.org/scz/npo/d/part-time-accounts-payable/6632677204.html,Part-Time Accounts Payable
https://sfbay.craigslist.org/sfc/npo/d/lead-education-employment/6632676110.html,Lead Education & Employment Counselor
https://sfbay.craigslist.org/sfc/npo/d/data-coordinator/6632675177.html,Data Coordinator
https://sfbay.craigslist.org/scz/npo/d/environmental-campaign-field/6632669591.html,‚òÖENVIRONMENTAL CAMPAIGN FIELD POSITIONS‚òÖEarn avg of $1900-2700/mo
https://sfbay.craigslist.org/sfc/npo/d/bilingual-full-time/6632668859.html,Bilingual Full-Time Residential Counselor - Licensed Program
https://sfbay.craigslist.org/nby/npo/d/alcohol-and-other-drug/6632668582.html,Alcohol and Other Drug Counselors - Center Point DAAC
https://sfbay.craigslist.org/sfc/npo/d/full-time-residential/6632667862.html,Full-Time Residential Counselor - Licensed Program
https://sfbay.craigslist.org/sfc/npo/d/relief-residential-counselor/6632666621.html,Relief Residential Counselor-Licensed Programs
https://sfbay.craigslist.org/sfc/npo/d/bilingual-relief-residential/6632665649.html,Bilingual Relief Residential Counselor-Licensed Programs
https://sfbay.craigslist.org/sfc/npo/d/case-manager/6632664751.html,Case Manager I
https://sfbay.craigslist.org/sfc/npo/d/case-manager-iii/6632663695.html,Case Manager III
https://sfbay.craigslist.org/sfc/npo/d/case-manager-ii/6632662410.html,Case Manager II
https://sfbay.craigslist.org/sby/npo/d/job-coach-and-outreach/6632658617.html,Job Coach and Outreach Specialist
https://sfbay.craigslist.org/nby/npo/d/accounts-receivable-specialist/6632647337.html,Accounts Receivable Specialist
https://sfbay.craigslist.org/sfc/npo/d/ceep-classroom-counselor/6632643307.html,CEEP Classroom Counselor/Driver
